{
	"info": {
		"_postman_id": "98774d00-5aa2-4099-8077-765554903bb7",
		"name": "Assessment",
		"schema": "https://schema.getpostman.com/json/collection/v2.1.0/collection.json"
	},
	"item": [
		{
			"name": "Login",
			"event": [
				{
					"listen": "test",
					"script": {
						"exec": [
							"\r",
							"pm.test(\"Status code is 200\", function () {\r",
							"    pm.response.to.have.status(200);\r",
							"});\r",
							"\r",
							""
						],
						"type": "text/javascript"
					}
				}
			],
			"request": {
				"method": "POST",
				"header": [],
				"body": {
					"mode": "raw",
					"raw": "{\r\n    \"username\": \"visali\",\r\n    \"password\": \"Te$t@123\"\r\n}",
					"options": {
						"raw": {
							"language": "json"
						}
					}
				},
				"url": {
					"raw": "{{env_url}}/api/users/login",
					"host": [
						"{{env_url}}"
					],
					"path": [
						"api",
						"users",
						"login"
					]
				}
			},
			"response": []
		},
		{
			"name": "AccountDetailsVfn",
			"event": [
				{
					"listen": "test",
					"script": {
						"exec": [
							"\r",
							"\r",
							"pm.test(\"Status code is 200\", function () {\r",
							"    pm.response.to.have.status(200);\r",
							"});\r",
							"\r",
							"pm.test(\"Verify the Accounts\", function () {\r",
							"\r",
							"    pm.expect(pm.response.text()).to.include(\"TestAccountUser120\");\r",
							"\r",
							"});\r",
							"pm.test(\"Verify the Account type\", function () {\r",
							"\r",
							"    pm.expect(pm.response.text()).to.include(\"savings\");\r",
							"\r",
							"});\r",
							"\r",
							"pm.test(\"Body matches userID\", function () {\r",
							"    pm.expect(pm.response.text()).to.include(\"userId\");\r",
							"});\r",
							""
						],
						"type": "text/javascript"
					}
				}
			],
			"request": {
				"method": "GET",
				"header": [
					{
						"key": "Authorization",
						"value": "oTuiJP7bzxHdvJABSOGDjaGWFvkSg1IACNt1lXK8IMaZsAZ1BWpZ74MLjSSfkmlX",
						"type": "text"
					}
				],
				"url": {
					"raw": "{{env_url}}/api/accounts?filter[where][userId]={{user_iD}}",
					"host": [
						"{{env_url}}"
					],
					"path": [
						"api",
						"accounts"
					],
					"query": [
						{
							"key": "filter[where][userId]",
							"value": "{{user_iD}}"
						}
					]
				}
			},
			"response": []
		},
		{
			"name": "CreateAccount",
			"event": [
				{
					"listen": "test",
					"script": {
						"exec": [
							"pm.test(\"Status code is 200\", function () {\r",
							"    pm.response.to.have.status(200);\r",
							"});"
						],
						"type": "text/javascript"
					}
				}
			],
			"request": {
				"method": "POST",
				"header": [
					{
						"key": "authority",
						"value": "uibank-api.azurewebsites.net"
					},
					{
						"key": "sec-ch-ua",
						"value": "\" Not A;Brand\";v=\"99\", \"Chromium\";v=\"98\", \"Google Chrome\";v=\"98\""
					},
					{
						"key": "accept",
						"value": "application/json, text/plain, */*"
					},
					{
						"key": "content-type",
						"value": "application/json"
					},
					{
						"key": "authorization",
						"value": "bypVu4BaMC9uBEqJOBxd0lA5rTFfaI87mhzhGpGam0ZrkVPzND6jKPfHgHNXMC2J"
					},
					{
						"key": "sec-ch-ua-mobile",
						"value": "?0"
					},
					{
						"key": "user-agent",
						"value": "Mozilla/5.0 (Windows NT 10.0; Win64; x64) AppleWebKit/537.36 (KHTML, like Gecko) Chrome/98.0.4758.102 Safari/537.36"
					},
					{
						"key": "sec-ch-ua-platform",
						"value": "\"Windows\""
					},
					{
						"key": "origin",
						"value": "https://uibank.uipath.com"
					},
					{
						"key": "sec-fetch-site",
						"value": "cross-site"
					},
					{
						"key": "sec-fetch-mode",
						"value": "cors"
					},
					{
						"key": "sec-fetch-dest",
						"value": "empty"
					},
					{
						"key": "referer",
						"value": "https://uibank.uipath.com/"
					},
					{
						"key": "accept-language",
						"value": "en-US,en;q=0.9"
					}
				],
				"body": {
					"mode": "raw",
					"raw": "{\r\n    \"friendlyName\": \"TestAccountUser120\",\r\n    \"type\": \"savings\",\r\n    \"userId\": \"620f1dfc8932d4005f2a8878\",\r\n    \"balance\": 100,\r\n    \"accountNumber\": 27335652\r\n}"
				},
				"url": {
					"raw": "{{env_url}}/api/accounts",
					"host": [
						"{{env_url}}"
					],
					"path": [
						"api",
						"accounts"
					]
				}
			},
			"response": []
		},
		{
			"name": "RegisteredProfileDetailsVfn",
			"event": [
				{
					"listen": "test",
					"script": {
						"exec": [
							"pm.test(\"Verify the Registered profile Details of the user\", function () {\r",
							"\r",
							"    pm.expect(pm.response.text()).to.include(\"visali\");\r",
							"\r",
							"});\r",
							"pm.test(\"Verify the firstName Detail of the user\", function () {\r",
							"\r",
							"    pm.expect(pm.response.text()).to.include(\"Adilakshmi Visali\");\r",
							"\r",
							"});\r",
							"pm.test(\"Status code is 200\", function () {\r",
							"    pm.response.to.have.status(200);\r",
							"});"
						],
						"type": "text/javascript"
					}
				}
			],
			"request": {
				"method": "GET",
				"header": [
					{
						"key": "authority",
						"value": "uibank-api.azurewebsites.net"
					},
					{
						"key": "sec-ch-ua",
						"value": "\" Not A;Brand\";v=\"99\", \"Chromium\";v=\"98\", \"Google Chrome\";v=\"98\""
					},
					{
						"key": "accept",
						"value": "application/json, text/plain, */*"
					},
					{
						"key": "authorization",
						"value": "bypVu4BaMC9uBEqJOBxd0lA5rTFfaI87mhzhGpGam0ZrkVPzND6jKPfHgHNXMC2J"
					},
					{
						"key": "sec-ch-ua-mobile",
						"value": "?0"
					},
					{
						"key": "user-agent",
						"value": "Mozilla/5.0 (Windows NT 10.0; Win64; x64) AppleWebKit/537.36 (KHTML, like Gecko) Chrome/98.0.4758.102 Safari/537.36"
					},
					{
						"key": "sec-ch-ua-platform",
						"value": "\"Windows\""
					},
					{
						"key": "origin",
						"value": "https://uibank.uipath.com"
					},
					{
						"key": "sec-fetch-site",
						"value": "cross-site"
					},
					{
						"key": "sec-fetch-mode",
						"value": "cors"
					},
					{
						"key": "sec-fetch-dest",
						"value": "empty"
					},
					{
						"key": "referer",
						"value": "https://uibank.uipath.com/"
					},
					{
						"key": "accept-language",
						"value": "en-US,en;q=0.9"
					}
				],
				"url": {
					"raw": "{{env_url}}/api/users/{{user_iD}}",
					"host": [
						"{{env_url}}"
					],
					"path": [
						"api",
						"users",
						"{{user_iD}}"
					]
				}
			},
			"response": []
		}
	]
}